tag,cache,manifest,contract,n_images,n_gt,n_pred,mAP0.25,wAP0.25,mAP0.5,wAP0.5,mAP0.75,wAP0.75
aitod_val_positive,/root/zjh_UAV_detection/experiments/aitod/oracle_route/cache_val_baseline640,,raw960,1869,27105,216937,0.545001705651424,0.6656542535713046,0.4512610450701213,0.5733537131273447,0.13297857232847649,0.17117981048943756
aitod_val_positive,/root/zjh_UAV_detection/experiments/aitod/oracle_route/cache_val_baseline640,,nms040,1869,27105,250550,0.5946079403831853,0.7090743047635114,0.47039025545741336,0.5945384381353711,0.13057931669035722,0.17200445123833402
aitod_val_positive,/root/zjh_UAV_detection/experiments/aitod/oracle_route/cache_val_baseline640,,nms040_cap300,1869,27105,225472,0.5871600969306486,0.6929291128180762,0.46400148630114846,0.5820653169334182,0.1283991412081165,0.16947796830435888
