tag,cache,manifest,contract,n_images,n_gt,n_pred,mAP0.25,wAP0.25,mAP0.5,wAP0.5,mAP0.75,wAP0.75
visdrone_oracle_val_negative,/root/zjh_UAV_detection/experiments/visdrone/oracle_route/cache_val_baseline640,,raw960,548,38759,158584,0.3337268419369906,0.5343696149962909,0.30055495608501104,0.48470700622880686,0.16570532461522383,0.2753288669263097
visdrone_oracle_val_negative,/root/zjh_UAV_detection/experiments/visdrone/oracle_route/cache_val_baseline640,,nms040,548,38759,192077,0.3959387885068789,0.5999174553029158,0.34942104961049464,0.5329989840082472,0.18835833280262868,0.2910808553986983
visdrone_oracle_val_negative,/root/zjh_UAV_detection/experiments/visdrone/oracle_route/cache_val_baseline640,,nms040_cap300,548,38759,159474,0.3934656120851594,0.596928815975964,0.3480336420733734,0.5312371826118251,0.1882030027882181,0.2909918823642151
