tag,cache,manifest,contract,n_images,n_gt,n_pred,mAP0.25,wAP0.25,mAP0.5,wAP0.5,mAP0.75,wAP0.75
uavdt_test_positive,/root/zjh_UAV_detection/experiments/uavdt/oracle_route/cache_test_baseline640,,raw960,272,7957,41103,0.7119794950494444,0.8597004079635211,0.6877039804763596,0.7998844992742692,0.39777158310875954,0.2342091451542731
uavdt_test_positive,/root/zjh_UAV_detection/experiments/uavdt/oracle_route/cache_test_baseline640,,nms040,272,7957,47733,0.6864308680959873,0.8748251363006322,0.6519668183593208,0.8086038720849547,0.34615818485062055,0.22737952913315687
uavdt_test_positive,/root/zjh_UAV_detection/experiments/uavdt/oracle_route/cache_test_baseline640,,nms040_cap300,272,7957,47016,0.6860854259910355,0.8738117736712485,0.6518540619799137,0.8082646915108904,0.34616042349324916,0.22738424437153135
